barcode,page,page_url,crop_filenamex,y,width,height
7461264,11,https://invisibleaus.s3.amazonaws.com/ST84-1/1912-84-1-10-%5B7461264%5D/7461264-p11.jpg,7461264-11-handprint-0.jpg,214.38546624011843,432.48022868032393,758.9966644472622,977.0849610925835
7461264,8,https://invisibleaus.s3.amazonaws.com/ST84-1/1912-84-1-10-%5B7461264%5D/7461264-p8.jpg,7461264-8-handprint-0.jpg,243.9567648549468,425.0874042584381,712.1754416404506,963.53144965246
7461264,6,https://invisibleaus.s3.amazonaws.com/ST84-1/1912-84-1-10-%5B7461264%5D/7461264-p6.jpg,7461264-6-handprint-0.jpg,283.38516300805134,363.48053407605573,623.4615457959651,1020.2097702202514
7461264,3,https://invisibleaus.s3.amazonaws.com/ST84-1/1912-84-1-10-%5B7461264%5D/7461264-p3.jpg,7461264-3-handprint-0.jpg,388.11684560223523,441.1051905058575,651.8007069685092,963.5314496524599
11017366,10,https://invisibleaus.s3.amazonaws.com/ST84-1/1907-141-150-%5B11017366%5D/11017366-p10.jpg,11017366-10-handprint-0.jpg,292.1867176816158,502.9202299655289,655.365630200975,941.574278984497
11017366,8,https://invisibleaus.s3.amazonaws.com/ST84-1/1907-141-150-%5B11017366%5D/11017366-p8.jpg,11017366-8-handprint-0.jpg,278.02878663249834,499.4508912396366,710.8396862622099,926.5279804488523
11017366,6,https://invisibleaus.s3.amazonaws.com/ST84-1/1907-141-150-%5B11017366%5D/11017366-p6.jpg,11017366-6-handprint-0.jpg,234.3166920519193,482.2549037625554,690.7781445548907,879.2373951213306
11017366,4,https://invisibleaus.s3.amazonaws.com/ST84-1/1907-141-150-%5B11017366%5D/11017366-p4.jpg,11017366-4-handprint-0.jpg,215.68699963167956,405.5799202892888,741.6522936304306,946.5920047741174
11017366,2,https://invisibleaus.s3.amazonaws.com/ST84-1/1907-141-150-%5B11017366%5D/11017366-p2.jpg,11017366-2-handprint-0.jpg,285.1944554175213,456.45663487776744,757.4170017555361,935.8435873632092
7473989,12,https://invisibleaus.s3.amazonaws.com/ST84-1/1908-331-340-%5B7473989%5D/7473989-p12.jpg,7473989-12-handprint-0.jpg,70.6434909986416,171.13043478260852,776.3478260869562,957.9130434782605
7473989,10,https://invisibleaus.s3.amazonaws.com/ST84-1/1908-331-340-%5B7473989%5D/7473989-p10.jpg,7473989-10-handprint-0.jpg,58.121751868206516,194.08695652173913,768.0,991.3043796705164
7473989,6,https://invisibleaus.s3.amazonaws.com/ST84-1/1908-331-340-%5B7473989%5D/7473989-p6.jpg,7473989-6-handprint-0.jpg,67.09160492205551,242.60715350935416,782.5614510630422,951.6461247334665
7473989,4,https://invisibleaus.s3.amazonaws.com/ST84-1/1908-331-340-%5B7473989%5D/7473989-p4.jpg,7473989-4-handprint-0.jpg,115.61041488796411,709.0389712241122,683.9587082290989,524.3444930686042
7473989,2,https://invisibleaus.s3.amazonaws.com/ST84-1/1908-331-340-%5B7473989%5D/7473989-p2.jpg,7473989-2-handprint-0.jpg,96.82894006245115,644.8654661022834,729.3472723907553,527.4749079525958
7461210,12,https://invisibleaus.s3.amazonaws.com/ST84-1/1911-69-61-70-%5B7461210%5D/7461210-p12.jpg,7461210-12-handprint-0.jpg,48.76668028900589,923.9911720207311,1171.7391304347825,732.050976866666
7961207,2,https://invisibleaus.s3.amazonaws.com/ST84-1/1930-476-71-80-%5B7961207%5D/7961207-p2.jpg,7961207-2-handprint-0.jpg,611.7874824234839,750.252479228089,191.2685337726524,206.09702492629322
7961207,2,https://invisibleaus.s3.amazonaws.com/ST84-1/1930-476-71-80-%5B7961207%5D/7961207-p2.jpg,7961207-2-handprint-1.jpg,51.32619741524661,720.5982310372556,198.6820428336079,226.85499865987663
7461265,2,https://invisibleaus.s3.amazonaws.com/ST84-1/1912-84-11-20-%5B7461265%5D/7461265-p2.jpg,7461265-2-handprint-0.jpg,103.99232245681382,315.42878984044944,981.0748560460652,1383.3346391005948
11609500,2,https://invisibleaus.s3.amazonaws.com/ST84-1/1907-461-470-%5B11609500%5D/11609500-p2.jpg,11609500-2-handprint-0.jpg,268.062015503876,408.0633650435952,760.7751937984495,981.0885159558775
7473989,2,https://invisibleaus.s3.amazonaws.com/ST84-1/1908-331-340-%5B7473989%5D/7473989-p2.jpg,7473989-2-handprint-1.jpg,111.34883720930233,285.48644491446805,726.6976744186044,888.2730734728756
11017344,10,https://invisibleaus.s3.amazonaws.com/ST84-1/1906-261-270-%5B11017344%5D/11017344-p10.jpg,11017344-10-handprint-0.jpg,10.647085498785096,316.61099142381005,807.3952483801304,875.1899376967375
11017344,6,https://invisibleaus.s3.amazonaws.com/ST84-1/1906-261-270-%5B11017344%5D/11017344-p6.jpg,11017344-6-handprint-0.jpg,0.8907906146412943,126.24176647286441,822.0359281437121,1011.7407381584919
11017344,4,https://invisibleaus.s3.amazonaws.com/ST84-1/1906-261-270-%5B11017344%5D/11017344-p4.jpg,11017344-4-handprint-0.jpg,107.30402128221239,177.38238200047238,729.4850299401203,933.4747852774851
11017359,16,https://invisibleaus.s3.amazonaws.com/ST84-1/1907-11-20-%5B11017359%5D/11017359-p16.jpg,11017359-16-handprint-0.jpg,295.2265209775518,525.2474939435489,639.182459824487,880.6673534196749
11017359,14,https://invisibleaus.s3.amazonaws.com/ST84-1/1907-11-20-%5B11017359%5D/11017359-p14.jpg,11017359-14-handprint-0.jpg,329.62198966765874,404.14677569462697,664.2624890776899,897.1485162582856
11017359,12,https://invisibleaus.s3.amazonaws.com/ST84-1/1907-11-20-%5B11017359%5D/11017359-p12.jpg,11017359-12-handprint-0.jpg,227.8687281260924,434.24281218252474,779.6306236424236,978.121185856677
11017359,10,https://invisibleaus.s3.amazonaws.com/ST84-1/1907-11-20-%5B11017359%5D/11017359-p10.jpg,11017359-10-handprint-0.jpg,245.0664023443803,373.33423354994795,763.8661531422908,1024.6985680929474
11017359,8,https://invisibleaus.s3.amazonaws.com/ST84-1/1907-11-20-%5B11017359%5D/11017359-p8.jpg,11017359-8-handprint-0.jpg,273.01278078185777,405.5799202892888,672.1447839858395,981.7040473433315
11017359,6,https://invisibleaus.s3.amazonaws.com/ST84-1/1907-11-20-%5B11017359%5D/11017359-p6.jpg,11017359-6-handprint-0.jpg,204.9372056686563,398.41558367370254,695.0775935873899,992.4560852303562
11017359,4,https://invisibleaus.s3.amazonaws.com/ST84-1/1907-11-20-%5B11017359%5D/11017359-p4.jpg,11017359-4-handprint-0.jpg,202.7873991469243,476.52230460936005,764.585352946129,938.7131113357319
11017359,2,https://invisibleaus.s3.amazonaws.com/ST84-1/1907-11-20-%5B11017359%5D/11017359-p2.jpg,11017359-2-handprint-0.jpg,224.28586680420628,418.478221641245,705.1071081471919,991.736059505964
12150634,2,https://invisibleaus.s3.amazonaws.com/ST84-1/1903-161-170-%5B12150634%5D/12150634-p2.jpg,12150634-2-handprint-0.jpg,33.36818253004972,615.7603096478234,1072.1979778287512,742.7877861136329
7473924,22,https://invisibleaus.s3.amazonaws.com/ST84-1/1904-251-260-%5B7473924%5D/7473924-p22.jpg,7473924-22-handprint-0.jpg,70.89934493457282,220.56361680389708,721.9161676646705,953.0156895603934
7473924,20,https://invisibleaus.s3.amazonaws.com/ST84-1/1904-251-260-%5B7473924%5D/7473924-p20.jpg,7473924-20-handprint-0.jpg,93.48274955390553,107.64747262725076,722.6689478186482,1012.4884663192458
7473924,18,https://invisibleaus.s3.amazonaws.com/ST84-1/1904-251-260-%5B7473924%5D/7473924-p18.jpg,7473924-18-handprint-0.jpg,113.80781371130499,228.0921857586494,876.988879384089,857.4158833736959
7473937,26,https://invisibleaus.s3.amazonaws.com/ST84-1/1905-91-100-%5B7473937%5D/7473937-p26.jpg,7473937-26-handprint-0.jpg,247.53221010901882,387.39086476319,771.4568880079287,1004.5522424374983
7473937,24,https://invisibleaus.s3.amazonaws.com/ST84-1/1905-91-100-%5B7473937%5D/7473937-p24.jpg,7473937-24-handprint-0.jpg,219.78196233894946,412.9230167012828,785.8870168483646,1005.6673471273178
7473937,22,https://invisibleaus.s3.amazonaws.com/ST84-1/1905-91-100-%5B7473937%5D/7473937-p22.jpg,7473937-22-handprint-0.jpg,348.5431119920714,398.4908895415049,673.7760158572844,952.3821259794183
7473937,20,https://invisibleaus.s3.amazonaws.com/ST84-1/1905-91-100-%5B7473937%5D/7473937-p20.jpg,7473937-20-handprint-0.jpg,199.8017839444995,320.7907160933006,785.8870168483647,1115.5524902206475
7473937,18,https://invisibleaus.s3.amazonaws.com/ST84-1/1905-91-100-%5B7473937%5D/7473937-p18.jpg,7473937-18-handprint-0.jpg,187.59167492566897,308.5806888371543,810.3072348860258,1132.2025273881202
7473937,16,https://invisibleaus.s3.amazonaws.com/ST84-1/1905-91-100-%5B7473937%5D/7473937-p16.jpg,7473937-16-handprint-0.jpg,227.55203171456887,329.6707359159525,713.7363726461843,1010.1022548266558
7473937,14,https://invisibleaus.s3.amazonaws.com/ST84-1/1905-91-100-%5B7473937%5D/7473937-p14.jpg,7473937-14-handprint-0.jpg,198.69177403369673,369.63270043421284,753.6967294350843,957.9369984225996
7473937,12,https://invisibleaus.s3.amazonaws.com/ST84-1/1905-91-100-%5B7473937%5D/7473937-p12.jpg,7473937-12-handprint-0.jpg,225.33201189296332,376.2908399848751,771.4568880079286,1001.2222350040039
7473937,8,https://invisibleaus.s3.amazonaws.com/ST84-1/1905-91-100-%5B7473937%5D/7473937-p8.jpg,7473937-8-handprint-0.jpg,216.4519326065412,317.46070865980613,675.9960356788899,1021.2022796049707
7473937,6,https://invisibleaus.s3.amazonaws.com/ST84-1/1905-91-100-%5B7473937%5D/7473937-p6.jpg,7473937-6-handprint-0.jpg,251.97224975222989,375.18083750704363,707.0763131813676,977.9121829695424
7473937,4,https://invisibleaus.s3.amazonaws.com/ST84-1/1905-91-100-%5B7473937%5D/7473937-p4.jpg,7473937-4-handprint-0.jpg,218.67195242814668,411.81300859187076,769.236868186323,976.8071362826045
7473908,8,https://invisibleaus.s3.amazonaws.com/ST84-1/1904-81-90-%5B7473908%5D/7473908-p8.jpg,7473908-8-handprint-0.jpg,240.0511836212412,458.60474306457627,702.2392834293026,986.7167674998773
7473908,6,https://invisibleaus.s3.amazonaws.com/ST84-1/1904-81-90-%5B7473908%5D/7473908-p6.jpg,7473908-6-handprint-0.jpg,321.74024312220087,354.7021059640082,659.9616122840691,974.5350790122246
7473908,4,https://invisibleaus.s3.amazonaws.com/ST84-1/1904-81-90-%5B7473908%5D/7473908-p4.jpg,7473908-4-handprint-0.jpg,235.75175943698017,439.97441800709527,755.9820857325656,937.9910637968856
7473908,2,https://invisibleaus.s3.amazonaws.com/ST84-1/1904-81-90-%5B7473908%5D/7473908-p2.jpg,7473908-2-handprint-0.jpg,288.7779910428663,366.1672245406226,735.2015355086371,996.0321763433765
7473979,9,https://invisibleaus.s3.amazonaws.com/ST84-1/1906-161-170-%5B7473979%5D/7473979-p9.jpg,7473979-9-handprint-0.jpg,239.33461292386392,416.3271183133106,750.9660908509265,988.8664772329926
7473979,7,https://invisibleaus.s3.amazonaws.com/ST84-1/1906-161-170-%5B7473979%5D/7473979-p7.jpg,7473979-7-handprint-0.jpg,283.7619961612284,361.1512351633538,651.362763915547,1010.3635745641444
7473979,5,https://invisibleaus.s3.amazonaws.com/ST84-1/1906-161-170-%5B7473979%5D/7473979-p5.jpg,7473979-5-handprint-0.jpg,289.4945617402431,385.5146121386594,712.2712731925783,1022.5452630517973
7461033,11,https://invisibleaus.s3.amazonaws.com/ST84-1/1909-12-91-100-%5B7461033%5D/7461033-p11.jpg,7461033-11-handprint-0.jpg,79.03270564915758,240.65051969953467,797.4311199207136,947.5059207358063
7473979,2,https://invisibleaus.s3.amazonaws.com/ST84-1/1906-161-170-%5B7473979%5D/7473979-p2.jpg,7473979-2-handprint-0.jpg,231.45233525271914,316.00733076793455,782.4952015355086,991.7327568771461
11098386,17,https://invisibleaus.s3.amazonaws.com/ST84-1/1906-361-370-%5B11098386%5D/11098386-p17.jpg,11098386-17-handprint-0.jpg,263.07234886025765,388.50086724102147,747.0366699702676,925.7420665114626
11098386,15,https://invisibleaus.s3.amazonaws.com/ST84-1/1906-361-370-%5B11098386%5D/11098386-p15.jpg,11098386-15-handprint-0.jpg,230.8820614469772,385.17281396598156,762.5768087215064,1061.1677525979203
11098386,13,https://invisibleaus.s3.amazonaws.com/ST84-1/1906-361-370-%5B11098386%5D/11098386-p13.jpg,11098386-13-handprint-0.jpg,279.1957140798806,804.2177894949727,642.949795773656,573.9865291338031
11098386,10,https://invisibleaus.s3.amazonaws.com/ST84-1/1906-361-370-%5B11098386%5D/11098386-p10.jpg,11098386-10-handprint-0.jpg,290.86641994375884,791.4860457187008,607.9376781820213,599.4498871730107
11098386,10,https://invisibleaus.s3.amazonaws.com/ST84-1/1906-361-370-%5B11098386%5D/11098386-p10.jpg,11098386-10-handprint-1.jpg,320.57367123363076,492.29158875801227,516.6939777917005,298.1334837090549
11098386,8,https://invisibleaus.s3.amazonaws.com/ST84-1/1906-361-370-%5B11098386%5D/11098386-p8.jpg,11098386-8-handprint-0.jpg,303.8382854045644,952.1615258315969,696.7035498188325,266.0140848221313
11098386,4,https://invisibleaus.s3.amazonaws.com/ST84-1/1906-361-370-%5B11098386%5D/11098386-p4.jpg,11098386-4-handprint-0.jpg,229.34395548260585,413.6718217635759,740.1067449477264,723.2221645798572
11098386,4,https://invisibleaus.s3.amazonaws.com/ST84-1/1906-361-370-%5B11098386%5D/11098386-p4.jpg,11098386-4-handprint-1.jpg,246.83526769211443,397.9655318928425,576.363845759216,371.57522959281835
11098386,4,https://invisibleaus.s3.amazonaws.com/ST84-1/1906-361-370-%5B11098386%5D/11098386-p4.jpg,11098386-4-handprint-2.jpg,390.3984234123587,1249.8439540849342,305.0717059055192,79.17085857801544
7473989,23,https://invisibleaus.s3.amazonaws.com/ST84-1/1908-331-340-%5B7473989%5D/7473989-p23.jpg,7473989-23-handprint-0.jpg,136.75322101090188,313.4657115229264,697.0862239841426,901.3249212344768
7473989,23,https://invisibleaus.s3.amazonaws.com/ST84-1/1908-331-340-%5B7473989%5D/7473989-p23.jpg,7473989-23-handprint-1.jpg,95.90485629335977,309.91369212889896,724.6144697720515,904.8769406285044
7473989,21,https://invisibleaus.s3.amazonaws.com/ST84-1/1908-331-340-%5B7473989%5D/7473989-p21.jpg,7473989-21-handprint-0.jpg,77.06640237859266,351.9349449916355,769.8077304261644,893.9661376429865
7473989,19,https://invisibleaus.s3.amazonaws.com/ST84-1/1908-331-340-%5B7473989%5D/7473989-p19.jpg,7473989-19-handprint-0.jpg,52.39246778989098,332.55809379837797,814.3032705649158,921.7498033717391
7473989,17,https://invisibleaus.s3.amazonaws.com/ST84-1/1908-331-340-%5B7473989%5D/7473989-p17.jpg,7473989-17-handprint-0.jpg,37.67690782953419,316.8289188831563,760.3885034687809,965.0437610305869
7473989,15,https://invisibleaus.s3.amazonaws.com/ST84-1/1908-331-340-%5B7473989%5D/7473989-p15.jpg,7473989-15-handprint-0.jpg,288.8562933597621,207.79361856303632,763.8136769078296,1004.7163974476482
7473989,14,https://invisibleaus.s3.amazonaws.com/ST84-1/1908-331-340-%5B7473989%5D/7473989-p14.jpg,7473989-14-handprint-0.jpg,40.848364717542125,146.52080000363418,838.2794846382557,989.2374012366574
7473989,12,https://invisibleaus.s3.amazonaws.com/ST84-1/1908-331-340-%5B7473989%5D/7473989-p12.jpg,7473989-12-handprint-1.jpg,43.670961347869174,172.40059655045113,798.0654112983151,951.3430379588135
7473989,10,https://invisibleaus.s3.amazonaws.com/ST84-1/1908-331-340-%5B7473989%5D/7473989-p10.jpg,7473989-10-handprint-1.jpg,74.49752229930624,195.52054468516795,756.9633300297323,985.5948129732088
7461057,31,https://invisibleaus.s3.amazonaws.com/ST84-1/1909-21-31-40-%5B7461057%5D/7461057-p31.jpg,7461057-31-handprint-0.jpg,3.8136511375947997,69.59927625618202,780.8450704225353,1105.9611021530295
7461057,29,https://invisibleaus.s3.amazonaws.com/ST84-1/1909-21-31-40-%5B7461057%5D/7461057-p29.jpg,7461057-29-handprint-0.jpg,48.6240520043337,168.75440955266055,764.6370530877573,1074.4984156262624
7461057,27,https://invisibleaus.s3.amazonaws.com/ST84-1/1909-21-31-40-%5B7461057%5D/7461057-p27.jpg,7461057-27-handprint-0.jpg,91.89165763813652,248.0086673889491,719.323943661972,967.3326110509211
7461057,10,https://invisibleaus.s3.amazonaws.com/ST84-1/1909-21-31-40-%5B7461057%5D/7461057-p10.jpg,7461057-10-handprint-0.jpg,89.62080173347776,183.05467781935974,760.8234019501625,946.7359118470013
7461057,8,https://invisibleaus.s3.amazonaws.com/ST84-1/1909-21-31-40-%5B7461057%5D/7461057-p8.jpg,7461057-8-handprint-0.jpg,152.26868905742145,290.8096219931271,822.5005417118093,1023.4501718213057
7473984,9,https://invisibleaus.s3.amazonaws.com/ST84-1/1908-281-290-%5B7473984%5D/7473984-p9.jpg,7473984-9-handprint-0.jpg,96.9480871080729,198.6548947652455,679.6088887169958,1011.3340097139776
7473984,7,https://invisibleaus.s3.amazonaws.com/ST84-1/1908-281-290-%5B7473984%5D/7473984-p7.jpg,7473984-7-handprint-0.jpg,239.94568141002753,222.45207977371604,683.6027730100601,967.2916277800912
7473984,6,https://invisibleaus.s3.amazonaws.com/ST84-1/1908-281-290-%5B7473984%5D/7473984-p6.jpg,7473984-6-handprint-0.jpg,155.86325033213507,163.6085570432909,646.6894504667216,983.5875382010861
7473984,4,https://invisibleaus.s3.amazonaws.com/ST84-1/1908-281-290-%5B7473984%5D/7473984-p4.jpg,7473984-4-handprint-0.jpg,25.66044143845799,284.2000647598489,805.075145095518,916.2838208310848
11098384,6,https://invisibleaus.s3.amazonaws.com/ST84-1/1906-341-350-%5B11098384%5D/11098384-p6.jpg,11098384-6-handprint-0.jpg,206.9538386418269,703.507690429688,619.0769230769231,525.5384615384614
7473894,4,https://invisibleaus.s3.amazonaws.com/ST84-1/1903-151-160-%5B7473894%5D/7473894-p4.jpg,7473894-4-handprint-0.jpg,165.90323765243548,731.6193311742904,913.7344493055958,545.3563474269426
7473894,2,https://invisibleaus.s3.amazonaws.com/ST84-1/1903-151-160-%5B7473894%5D/7473894-p2.jpg,7473894-2-handprint-0.jpg,130.5404849500511,651.6326048719762,917.1560105269621,557.8988663669448
12150637,2,https://invisibleaus.s3.amazonaws.com/ST84-1/1904-61-70-%5B12150637%5D/12150637-p2.jpg,12150637-2-handprint-0.jpg,94.06180579446418,665.6227091964878,1020.3356800428562,633.5107798032645
7473933,14,https://invisibleaus.s3.amazonaws.com/ST84-1/1905-51-60-%5B7473933%5D/7473933-p14.jpg,7473933-14-handprint-0.jpg,92.18589679769491,525.577218264872,824.4677661169416,982.3088584183711
7473933,12,https://invisibleaus.s3.amazonaws.com/ST84-1/1905-51-60-%5B7473933%5D/7473933-p12.jpg,7473933-12-handprint-0.jpg,359.1720304349143,500.39075714190585,626.3280401628571,1007.4981687420923
7473933,10,https://invisibleaus.s3.amazonaws.com/ST84-1/1905-51-60-%5B7473933%5D/7473933-p10.jpg,7473933-10-handprint-0.jpg,221.48061141787866,339.1910501431711,737.1528408351053,1019.2523140440834
7473933,8,https://invisibleaus.s3.amazonaws.com/ST84-1/1905-51-60-%5B7473933%5D/7473933-p8.jpg,7473933-8-handprint-0.jpg,201.3306476592881,376.13264966371446,651.5154948610952,940.3316241592862
7473933,6,https://invisibleaus.s3.amazonaws.com/ST84-1/1905-51-60-%5B7473933%5D/7473933-p6.jpg,7473933-6-handprint-0.jpg,278.572175400552,349.266031830592,658.2321494472922,894.994206565892
7473933,4,https://invisibleaus.s3.amazonaws.com/ST84-1/1905-51-60-%5B7473933%5D/7473933-p4.jpg,7473933-4-handprint-0.jpg,265.1383137780656,498.7125263426715,755.6250238490964,901.7125476296787
12089428,4,https://invisibleaus.s3.amazonaws.com/ST84-1/1903-41-50-%5B12089428%5D/12089428-p4.jpg,12089428-4-handprint-0.jpg,122.40276728622806,630.4059534298025,968.3736749649322,696.948804069615
7473982,2,https://invisibleaus.s3.amazonaws.com/ST84-1/1906-191-200-%5B7473982%5D/7473982-p2.jpg,7473982-2-handprint-0.jpg,188.9465590874152,243.21905677229697,895.8100084817644,1253.935028553505
7473907,6,https://invisibleaus.s3.amazonaws.com/ST84-1/1904-71-80-%5B7473907%5D/7473907-p6.jpg,7473907-6-handprint-0.jpg,39.630759214743584,666.249804584501,987.8974358974358,687.5829264061721
7473907,4,https://invisibleaus.s3.amazonaws.com/ST84-1/1904-71-80-%5B7473907%5D/7473907-p4.jpg,7473907-4-handprint-0.jpg,15.223921468794515,660.54000478809,989.9715099715099,579.0123971442198
7473907,2,https://invisibleaus.s3.amazonaws.com/ST84-1/1904-71-80-%5B7473907%5D/7473907-p2.jpg,7473907-2-handprint-0.jpg,54.39998998397436,679.3846153846154,979.6923076923076,577.6410256410257
11063293,7,https://invisibleaus.s3.amazonaws.com/ST84-1/1908-171-180-%5B11063293%5D/11063293-p7.jpg,11063293-7-handprint-0.jpg,202.0660918629517,390.58536407501487,776.242210417695,965.9903010561881
11063293,7,https://invisibleaus.s3.amazonaws.com/ST84-1/1908-171-180-%5B11063293%5D/11063293-p7.jpg,11063293-7-handprint-1.jpg,227.9408322102082,377.0319287285633,760.2245140122504,982.0079973747214
11063293,5,https://invisibleaus.s3.amazonaws.com/ST84-1/1908-171-180-%5B11063293%5D/11063293-p5.jpg,11063293-5-handprint-0.jpg,255.04600183550747,331.44496158121694,749.139564908986,947.5136634050403
11063293,3,https://invisibleaus.s3.amazonaws.com/ST84-1/1908-171-180-%5B11063293%5D/11063293-p3.jpg,11063293-3-handprint-0.jpg,125.84870399745597,100.68331136233503,699.942641016454,922.6076512337054
11063293,2,https://invisibleaus.s3.amazonaws.com/ST84-1/1908-171-180-%5B11063293%5D/11063293-p2.jpg,11063293-2-handprint-0.jpg,322.8135611611557,372.1054959015892,701.08620465989,919.1745031211448
7461025,2,https://invisibleaus.s3.amazonaws.com/ST84-1/1908-12-11-20-%5B7461025%5D/7461025-p2.jpg,7461025-2-handprint-0.jpg,75.00357773842774,302.6374179236033,704.7004060698334,943.6705653986708
11099073,12,https://invisibleaus.s3.amazonaws.com/ST84-1/1907-331-340-%5B11099073%5D/11099073-p12.jpg,11099073-12-handprint-0.jpg,238.27224788337082,431.5450489445296,738.8320044816545,915.144169940734
11099073,10,https://invisibleaus.s3.amazonaws.com/ST84-1/1907-331-340-%5B11099073%5D/11099073-p10.jpg,11099073-10-handprint-0.jpg,258.4222116419614,357.66184990344277,758.9819682402451,1015.8939868149432
11096401,19,https://invisibleaus.s3.amazonaws.com/ST84-1/1907-381-390-%5B11096401%5D/11096401-p19.jpg,11096401-19-handprint-0.jpg,277.7541973383616,397.0573469507532,627.705774135451,946.2449822268685
7473957,20,https://invisibleaus.s3.amazonaws.com/ST84-1/1905-301-310-%5B7473957%5D/7473957-p20.jpg,7473957-20-handprint-0.jpg,293.68464821949493,465.12833404693436,703.569567904121,851.3359525870679
7473957,18,https://invisibleaus.s3.amazonaws.com/ST84-1/1905-301-310-%5B7473957%5D/7473957-p18.jpg,7473957-18-handprint-0.jpg,238.27224788337082,491.9949390690551,708.6070588437686,856.3734434307781
7473957,16,https://invisibleaus.s3.amazonaws.com/ST84-1/1905-301-310-%5B7473957%5D/7473957-p16.jpg,7473957-16-handprint-0.jpg,367.56784866766037,371.09515882000403,651.5154948610952,975.5940600652594
7473957,14,https://invisibleaus.s3.amazonaws.com/ST84-1/1905-301-310-%5B7473957%5D/7473957-p14.jpg,7473957-14-handprint-0.jpg,238.27224788337082,330.7952320703203,725.3986953092607,918.5024971698742
7473957,4,https://invisibleaus.s3.amazonaws.com/ST84-1/1905-301-310-%5B7473957%5D/7473957-p4.jpg,7473957-4-handprint-0.jpg,244.98890246956768,384.5284677365651,770.7361137660895,856.3734434307784
11085777,8,https://invisibleaus.s3.amazonaws.com/ST84-1/1903-11-20-%5B11085777%5D/11085777-p8.jpg,11085777-8-handprint-0.jpg,134.84239631336405,521.3166337068776,954.5142857142858,679.5165897604923
11085777,6,https://invisibleaus.s3.amazonaws.com/ST84-1/1903-11-20-%5B11085777%5D/11085777-p6.jpg,11085777-6-handprint-0.jpg,85.04331797235022,493.03117212897826,1023.7493087557602,681.4164453223651
11085777,2,https://invisibleaus.s3.amazonaws.com/ST84-1/1903-11-20-%5B11085777%5D/11085777-p2.jpg,11085777-2-handprint-0.jpg,13.802764976958525,471.4152281121588,952.3907834101382,692.2583980385755
11087619,2,https://invisibleaus.s3.amazonaws.com/ST84-1/1907-211-220-%5B11087619%5D/11087619-p2.jpg,11087619-2-handprint-0.jpg,159.97408359926806,218.14957721040966,688.1627423393239,872.5983088416385
7461022,9,https://invisibleaus.s3.amazonaws.com/ST84-1/1908-11-81-90-%5B7461022%5D/7461022-p9.jpg,7461022-9-handprint-0.jpg,78.41196433521057,316.57105383959606,710.5906923676899,899.3715872079047
7473933,10,https://invisibleaus.s3.amazonaws.com/ST84-1/1905-51-60-%5B7473933%5D/7473933-p10.jpg,7473933-10-handprint-1.jpg,366.88374741527457,374.76731150406016,509.4828799722088,634.8830554351764
7473933,8,https://invisibleaus.s3.amazonaws.com/ST84-1/1905-51-60-%5B7473933%5D/7473933-p8.jpg,7473933-8-handprint-1.jpg,221.41957774669737,444.9913966424882,654.2304773764088,636.3162000298383
7473933,2,https://invisibleaus.s3.amazonaws.com/ST84-1/1905-51-60-%5B7473933%5D/7473933-p2.jpg,7473933-2-handprint-0.jpg,123.96574979139437,436.39252907451703,871.3518734827093,1086.3236027536427
7473930,12,https://invisibleaus.s3.amazonaws.com/ST84-1/1905-21-30-%5B7473930%5D/7473930-p12.jpg,7473930-12-handprint-0.jpg,178.92101782590206,357.4402760922615,745.6371663420347,961.7566033507959
7473930,10,https://invisibleaus.s3.amazonaws.com/ST84-1/1905-21-30-%5B7473930%5D/7473930-p10.jpg,7473930-10-handprint-0.jpg,230.6860795955854,491.8438166805272,655.3236543183317,859.3014325471028
7473930,8,https://invisibleaus.s3.amazonaws.com/ST84-1/1905-21-30-%5B7473930%5D/7473930-p8.jpg,7473930-8-handprint-0.jpg,306.68213956737304,524.8945825301109,646.5112994409625,887.9460159859431
7473930,6,https://invisibleaus.s3.amazonaws.com/ST84-1/1905-21-30-%5B7473930%5D/7473930-p6.jpg,7473930-6-handprint-0.jpg,239.49783076686404,422.4393066135715,687.2624375658613,911.0810858813585
7473930,6,https://invisibleaus.s3.amazonaws.com/ST84-1/1905-21-30-%5B7473930%5D/7473930-p6.jpg,7473930-6-handprint-1.jpg,222.97709909460784,427.3968215911605,739.0273968055976,755.7456165835697
7473930,4,https://invisibleaus.s3.amazonaws.com/ST84-1/1905-21-30-%5B7473930%5D/7473930-p4.jpg,7473930-4-handprint-0.jpg,293.4660913586822,540.8693854143322,723.606657443925,873.6252557320777
7473930,2,https://invisibleaus.s3.amazonaws.com/ST84-1/1905-21-30-%5B7473930%5D/7473930-p2.jpg,7473930-2-handprint-0.jpg,257.11994455060415,500.1070076421659,643.2071531065111,883.5393360058641
7473916,6,https://invisibleaus.s3.amazonaws.com/ST84-1/1904-161-170-%5B7473916%5D/7473916-p6.jpg,7473916-6-handprint-0.jpg,162.0442006063258,409.4677116966503,762.9208433839117,941.6295731283766
7473916,4,https://invisibleaus.s3.amazonaws.com/ST84-1/1904-161-170-%5B7473916%5D/7473916-p4.jpg,7473916-4-handprint-0.jpg,197.57049149256812,311.6330894640979,812.8193020229552,1028.7685143458013
11017359,6,https://invisibleaus.s3.amazonaws.com/ST84-1/1907-11-20-%5B11017359%5D/11017359-p6.jpg,11017359-6-handprint-1.jpg,195.03075371373646,370.1802611584044,760.3834827376628,1049.4108144365314
11017359,6,https://invisibleaus.s3.amazonaws.com/ST84-1/1907-11-20-%5B11017359%5D/11017359-p6.jpg,11017359-6-handprint-2.jpg,175.5771162243413,842.9693084603023,788.9164479476766,586.067398300816
11017359,6,https://invisibleaus.s3.amazonaws.com/ST84-1/1907-11-20-%5B11017359%5D/11017359-p6.jpg,11017359-6-handprint-3.jpg,202.64304664436935,715.7614561093282,742.6214658995193,693.7412611731579
11017359,4,https://invisibleaus.s3.amazonaws.com/ST84-1/1907-11-20-%5B11017359%5D/11017359-p4.jpg,11017359-4-handprint-1.jpg,233.09433195559015,455.66209712821205,750.229678350012,983.0830829105251
11045217,12,https://invisibleaus.s3.amazonaws.com/ST84-1/1907-341-350-%5B11045217%5D/11045217-p12.jpg,11045217-12-handprint-0.jpg,195.90340460585068,454.6587019459816,747.9074274667015,910.5495412956108
11045217,10,https://invisibleaus.s3.amazonaws.com/ST84-1/1907-341-350-%5B11045217%5D/11045217-p10.jpg,11045217-10-handprint-0.jpg,234.10181923270974,452.19143972693564,744.2061180225693,908.0792672445549
11085777,4,https://invisibleaus.s3.amazonaws.com/ST84-1/1903-11-20-%5B11085777%5D/11085777-p4.jpg,11085777-4-handprint-0.jpg,13.254197868663594,439.5628478343102,986.3668202764977,683.7644299644825
11017362,2,https://invisibleaus.s3.amazonaws.com/ST84-1/1907-101-110-%5B11017362%5D/11017362-p2.jpg,11017362-2-handprint-0.jpg,78.53477650193126,242.48842598619945,777.9120653093466,964.7943757323271
11609502,4,https://invisibleaus.s3.amazonaws.com/ST84-1/1907-521-530-%5B11609502%5D/11609502-p4.jpg,11609502-4-handprint-0.jpg,256.2690352616789,354.3528230865747,730.8527500675011,1063.058469259724
11609502,2,https://invisibleaus.s3.amazonaws.com/ST84-1/1907-521-530-%5B11609502%5D/11609502-p2.jpg,11609502-2-handprint-0.jpg,199.8969619550401,465.59124215249375,722.8060230556321,898.6236561824355
7461056,16,https://invisibleaus.s3.amazonaws.com/ST84-1/1909-21-21-30-%5B7461056%5D/7461056-p16.jpg,7461056-16-handprint-0.jpg,303.2852851799256,732.7522559311568,576.4780898010499,579.9508376327166
7473947,10,https://invisibleaus.s3.amazonaws.com/ST84-1/1905-201-210-%5B7473947%5D/7473947-p10.jpg,7473947-10-handprint-0.jpg,218.34422517685968,285.6066876057017,770.0658312711926,1061.5211017153904
7461056,12,https://invisibleaus.s3.amazonaws.com/ST84-1/1909-21-21-30-%5B7461056%5D/7461056-p12.jpg,7461056-12-handprint-0.jpg,158.73035865761585,638.4166856486387,624.4622410222781,463.1137432779059
7473947,8,https://invisibleaus.s3.amazonaws.com/ST84-1/1905-201-210-%5B7473947%5D/7473947-p8.jpg,7473947-8-handprint-0.jpg,244.6621342666145,270.9858461538461,787.6134759149663,1058.5993846153845
7473947,6,https://invisibleaus.s3.amazonaws.com/ST84-1/1905-201-210-%5B7473947%5D/7473947-p6.jpg,7473947-6-handprint-0.jpg,258.30966705295964,244.66647982604496,736.9237575202803,1057.622034307804
7461056,8,https://invisibleaus.s3.amazonaws.com/ST84-1/1909-21-21-30-%5B7461056%5D/7461056-p8.jpg,7461056-8-handprint-0.jpg,136.92650945991062,295.6601863864597,634.0559346692684,937.5654878036705
7461056,8,https://invisibleaus.s3.amazonaws.com/ST84-1/1909-21-21-30-%5B7461056%5D/7461056-p8.jpg,7461056-8-handprint-1.jpg,601.7845743549864,753.541006011508,119.48509360342473,468.3466669307636
7473947,4,https://invisibleaus.s3.amazonaws.com/ST84-1/1905-201-210-%5B7473947%5D/7473947-p4.jpg,7473947-4-handprint-0.jpg,211.51998305237092,277.80923076923074,766.1685545410446,1017.6590769230771
7473947,2,https://invisibleaus.s3.amazonaws.com/ST84-1/1905-201-210-%5B7473947%5D/7473947-p2.jpg,7473947-2-handprint-0.jpg,167.65634767546473,262.2122831601835,844.1481137732313,1086.8650398647012
7461056,6,https://invisibleaus.s3.amazonaws.com/ST84-1/1909-21-21-30-%5B7461056%5D/7461056-p6.jpg,7461056-6-handprint-0.jpg,141.5700425955301,428.1504184840257,790.080222065858,920.2379661283367
7461056,4,https://invisibleaus.s3.amazonaws.com/ST84-1/1909-21-21-30-%5B7461056%5D/7461056-p4.jpg,7461056-4-handprint-0.jpg,102.57030853644186,231.84251365397037,734.1680153514085,896.817165219624
7461056,2,https://invisibleaus.s3.amazonaws.com/ST84-1/1909-21-21-30-%5B7461056%5D/7461056-p2.jpg,7461056-2-handprint-0.jpg,111.63421660390452,250.30805092343533,653.2430058408252,892.2130177514792
7461056,2,https://invisibleaus.s3.amazonaws.com/ST84-1/1909-21-21-30-%5B7461056%5D/7461056-p2.jpg,7461056-2-handprint-1.jpg,71.51515349485504,251.18020441097363,723.8874430545845,490.15025999641387
11019740,20,https://invisibleaus.s3.amazonaws.com/ST84-1/1907-61-70-%5B11019740%5D/11019740-p20.jpg,11019740-20-handprint-0.jpg,349.5407685098407,480.7513034768189,622.4554826616683,922.6646195548556
11019740,18,https://invisibleaus.s3.amazonaws.com/ST84-1/1907-61-70-%5B11019740%5D/11019740-p18.jpg,11019740-18-handprint-0.jpg,300.2061855670103,531.1357195617258,665.4920337394565,926.8633208952652
11019740,16,https://invisibleaus.s3.amazonaws.com/ST84-1/1907-61-70-%5B11019740%5D/11019740-p16.jpg,11019740-16-handprint-0.jpg,315.9512652296158,606.712343689086,740.0187441424556,837.6409174115764
11019740,14,https://invisibleaus.s3.amazonaws.com/ST84-1/1907-61-70-%5B11019740%5D/11019740-p14.jpg,11019740-14-handprint-0.jpg,262.4179943767573,561.5763042796902,729.5220243673853,847.0879954274966
11019740,12,https://invisibleaus.s3.amazonaws.com/ST84-1/1907-61-70-%5B11019740%5D/11019740-p12.jpg,11019740-12-handprint-0.jpg,277.1134020618557,519.5892908756013,768.3598875351453,889.0750088315871
11019740,10,https://invisibleaus.s3.amazonaws.com/ST84-1/1907-61-70-%5B11019740%5D/11019740-p10.jpg,11019740-10-handprint-0.jpg,226.7291471415183,538.4791582168068,779.9062792877227,909.0116004205764
11019740,2,https://invisibleaus.s3.amazonaws.com/ST84-1/1907-61-70-%5B11019740%5D/11019740-p2.jpg,11019740-2-handprint-0.jpg,166.89784442361764,446.11201741844553,635.0515463917523,948.9065029324129
7473958,8,https://invisibleaus.s3.amazonaws.com/ST84-1/1905-311-320-%5B7473958%5D/7473958-p8.jpg,7473958-8-handprint-0.jpg,366.33552014995314,331.69740589230304,671.7900656044985,916.3665675442437
7473958,6,https://invisibleaus.s3.amazonaws.com/ST84-1/1905-311-320-%5B7473958%5D/7473958-p6.jpg,7473958-6-handprint-0.jpg,289.70946579194003,392.5785753282321,664.4423617619491,900.621437517711
7473958,2,https://invisibleaus.s3.amazonaws.com/ST84-1/1905-311-320-%5B7473958%5D/7473958-p2.jpg,7473958-2-handprint-0.jpg,279.21274601686974,449.2545988321324,726.3730084348642,910.0554607183628
7461081,12,https://invisibleaus.s3.amazonaws.com/ST84-1/1909-23-71-80-%5B7461081%5D/7461081-p12.jpg,7461081-12-handprint-0.jpg,134.01766285627266,435.32986508364814,574.1031731259654,537.9840690771723
7461081,10,https://invisibleaus.s3.amazonaws.com/ST84-1/1909-23-71-80-%5B7461081%5D/7461081-p10.jpg,7461081-10-handprint-0.jpg,160.70374023083806,536.3262757513796,515.0281252219996,604.093133698305
7461081,10,https://invisibleaus.s3.amazonaws.com/ST84-1/1909-23-71-80-%5B7461081%5D/7461081-p10.jpg,7461081-10-handprint-1.jpg,180.06569982565009,552.7839412527758,452.1017565388606,583.7630763142272
7461081,8,https://invisibleaus.s3.amazonaws.com/ST84-1/1909-23-71-80-%5B7461081%5D/7461081-p8.jpg,7461081-8-handprint-0.jpg,155.86325033213507,418.21832332959565,565.3692201685109,672.8280896159002
7461081,6,https://invisibleaus.s3.amazonaws.com/ST84-1/1909-23-71-80-%5B7461081%5D/7461081-p6.jpg,7461081-6-handprint-0.jpg,74.13861386138615,381.1485148514852,710.970297029703,740.4356435643564
7461081,4,https://invisibleaus.s3.amazonaws.com/ST84-1/1909-23-71-80-%5B7461081%5D/7461081-p4.jpg,7461081-4-handprint-0.jpg,133.59654839603363,276.8764112033792,650.562716032439,849.0231210677042
7461081,2,https://invisibleaus.s3.amazonaws.com/ST84-1/1909-23-71-80-%5B7461081%5D/7461081-p2.jpg,7461081-2-handprint-0.jpg,25.660441438457987,253.78400431732342,767.0550674050561,853.5506961683758
11609499,4,https://invisibleaus.s3.amazonaws.com/ST84-1/1903-201-210-%5B11609499%5D/11609499-p4.jpg,11609499-4-handprint-0.jpg,112.83302179917511,230.75491820017697,946.4001534970622,685.1489641714505
11609499,2,https://invisibleaus.s3.amazonaws.com/ST84-1/1903-201-210-%5B11609499%5D/11609499-p2.jpg,11609499-2-handprint-0.jpg,75.1958224543081,328.8563968668407,929.420365535248,546.4229765013055
11513099,8,https://invisibleaus.s3.amazonaws.com/ST84-1/1907-161-170-%5B11513099%5D/11513099-p8.jpg,11513099-8-handprint-0.jpg,183.22248460801387,223.38750788693204,571.2416427319023,905.1136049626173
11513099,6,https://invisibleaus.s3.amazonaws.com/ST84-1/1907-161-170-%5B11513099%5D/11513099-p6.jpg,11513099-6-handprint-0.jpg,102.27679388354541,270.0353582687357,637.204387081166,911.2986390157865
11513099,4,https://invisibleaus.s3.amazonaws.com/ST84-1/1907-161-170-%5B11513099%5D/11513099-p4.jpg,11513099-4-handprint-0.jpg,80.89475721988877,222.4755456730565,713.3255404720525,954.0771266097524
11513099,2,https://invisibleaus.s3.amazonaws.com/ST84-1/1907-161-170-%5B11513099%5D/11513099-p2.jpg,11513099-2-handprint-0.jpg,150.40270078646046,192.8266169145417,687.4414178838884,930.8472007541542
7530121,14,https://invisibleaus.s3.amazonaws.com/ST84-1/1907-81-90-%5B7530121%5D/7530121-p14.jpg,7530121-14-handprint-0.jpg,97.31958762886599,376.90721097947977,747.2164948453615,914.6391618736169
7530121,12,https://invisibleaus.s3.amazonaws.com/ST84-1/1907-81-90-%5B7530121%5D/7530121-p12.jpg,7530121-12-handprint-0.jpg,48.70402196545018,267.8757925828059,780.1040759638483,917.8314774075458
7530121,10,https://invisibleaus.s3.amazonaws.com/ST84-1/1907-81-90-%5B7530121%5D/7530121-p10.jpg,7530121-10-handprint-0.jpg,33.546991877359574,293.9076094168717,809.4944340464476,880.0433561968058
7530121,8,https://invisibleaus.s3.amazonaws.com/ST84-1/1907-81-90-%5B7530121%5D/7530121-p8.jpg,7530121-8-handprint-0.jpg,115.0422587804599,250.2413360177936,691.9330017160501,987.5295676406892
7530121,6,https://invisibleaus.s3.amazonaws.com/ST84-1/1907-81-90-%5B7530121%5D/7530121-p6.jpg,7530121-6-handprint-0.jpg,112.55482661668229,236.4461162853157,682.6166822867856,990.3205486881527
7530121,4,https://invisibleaus.s3.amazonaws.com/ST84-1/1907-81-90-%5B7530121%5D/7530121-p4.jpg,7530121-4-handprint-0.jpg,110.51546391752578,207.01030624912337,742.2680412371132,961.6494704640553
11098384,8,https://invisibleaus.s3.amazonaws.com/ST84-1/1906-341-350-%5B11098384%5D/11098384-p8.jpg,11098384-8-handprint-0.jpg,237.15244145659332,654.9827004228018,678.7080267929872,701.1082427060983
11098384,6,https://invisibleaus.s3.amazonaws.com/ST84-1/1906-341-350-%5B11098384%5D/11098384-p6.jpg,11098384-6-handprint-1.jpg,209.1098725943701,614.4820517334947,700.5843605769651,708.415613781927
11098384,4,https://invisibleaus.s3.amazonaws.com/ST84-1/1906-341-350-%5B11098384%5D/11098384-p4.jpg,11098384-4-handprint-0.jpg,304.96865123085826,429.1727617998284,647.7492877492878,867.918150256902
11098384,2,https://invisibleaus.s3.amazonaws.com/ST84-1/1906-341-350-%5B11098384%5D/11098384-p2.jpg,11098384-2-handprint-0.jpg,231.57833784054486,630.1979216019785,676.4672364672365,757.8329436985817
11002058,4,https://invisibleaus.s3.amazonaws.com/ST84-1/1908-221-230-%5B11002058%5D/11002058-p4.jpg,11002058-4-handprint-0.jpg,383.53439535450525,239.11323757874973,640.8234194515917,948.8013267124791
11002058,2,https://invisibleaus.s3.amazonaws.com/ST84-1/1908-221-230-%5B11002058%5D/11002058-p2.jpg,11002058-2-handprint-0.jpg,219.97999426233233,263.0253375815506,685.7788487720098,944.0218479745107
7461196,2,https://invisibleaus.s3.amazonaws.com/ST84-1/1911-68-21-30-%5B7461196%5D/7461196-p2.jpg,7461196-2-handprint-0.jpg,86.81788634622251,173.75714848083592,719.7372351547708,1017.834305550585
7473959,27,https://invisibleaus.s3.amazonaws.com/ST84-1/1905-321-330-%5B7473959%5D/7473959-p27.jpg,7473959-27-handprint-0.jpg,241.15098741319446,606.264910862338,765.8119658119658,652.5324961649899
7473959,25,https://invisibleaus.s3.amazonaws.com/ST84-1/1905-321-330-%5B7473959%5D/7473959-p25.jpg,7473959-25-handprint-0.jpg,253.91452017672722,627.0070460495635,792.9344729344729,639.7705482592236
7473959,23,https://invisibleaus.s3.amazonaws.com/ST84-1/1905-321-330-%5B7473959%5D/7473959-p23.jpg,7473959-23-handprint-0.jpg,242.74642900863606,553.6169083440165,666.894586894587,644.5568615878464
7473959,21,https://invisibleaus.s3.amazonaws.com/ST84-1/1905-321-330-%5B7473959%5D/7473959-p21.jpg,7473959-21-handprint-0.jpg,261.89172815393516,596.6923070066168,741.8803418803418,634.9827224295013
7473959,19,https://invisibleaus.s3.amazonaws.com/ST84-1/1905-321-330-%5B7473959%5D/7473959-p19.jpg,7473959-19-handprint-0.jpg,241.15098741319446,622.2207327209408,776.9800569800569,660.5112393499217
7473959,17,https://invisibleaus.s3.amazonaws.com/ST84-1/1905-321-330-%5B7473959%5D/7473959-p17.jpg,7473959-17-handprint-0.jpg,169.35611561832263,612.6481060636953,842.3931623931624,662.1066771261293
7473959,15,https://invisibleaus.s3.amazonaws.com/ST84-1/1905-321-330-%5B7473959%5D/7473959-p15.jpg,7473959-15-handprint-0.jpg,281.03702729923435,574.3575994347148,652.5356125356126,647.7477371402614
7473959,13,https://invisibleaus.s3.amazonaws.com/ST84-1/1905-321-330-%5B7473959%5D/7473959-p13.jpg,7473959-13-handprint-0.jpg,290.6096768718839,741.8767988183872,689.2307692307693,638.1735903814083
7473888,6,https://invisibleaus.s3.amazonaws.com/ST84-1/1903-91-100-%5B7473888%5D/7473888-p6.jpg,7473888-6-handprint-0.jpg,20.03632694248234,404.26202867059186,1035.9959636730575,690.6634075829936
7473888,4,https://invisibleaus.s3.amazonaws.com/ST84-1/1903-91-100-%5B7473888%5D/7473888-p4.jpg,7473888-4-handprint-0.jpg,125.44904137235116,250.89574358271233,833.9374369323915,994.0250412419841
7473959,9,https://invisibleaus.s3.amazonaws.com/ST84-1/1905-321-330-%5B7473959%5D/7473959-p9.jpg,7473959-9-handprint-0.jpg,263.4871697493768,633.3887971543935,676.4672364672365,639.7705482592238
11096401,17,https://invisibleaus.s3.amazonaws.com/ST84-1/1907-381-390-%5B11096401%5D/11096401-p17.jpg,11096401-17-handprint-0.jpg,293.04069556144765,362.9758658258774,694.871248155624,907.9946735338459
7473959,6,https://invisibleaus.s3.amazonaws.com/ST84-1/1905-321-330-%5B7473959%5D/7473959-p6.jpg,7473959-6-handprint-0.jpg,306.5640928262999,577.5484749871296,703.5897435897435,650.9386126926765
11096401,13,https://invisibleaus.s3.amazonaws.com/ST84-1/1907-381-390-%5B11096401%5D/11096401-p13.jpg,11096401-13-handprint-0.jpg,206.4592940340696,399.6064577899568,718.181625489918,955.7254448809798
7473959,4,https://invisibleaus.s3.amazonaws.com/ST84-1/1905-321-330-%5B7473959%5D/7473959-p4.jpg,7473959-4-handprint-0.jpg,271.46437772658476,547.2351572391864,654.1310541310542,663.7021149023368
11096401,11,https://invisibleaus.s3.amazonaws.com/ST84-1/1907-381-390-%5B11096401%5D/11096401-p11.jpg,11096401-11-handprint-0.jpg,234.20974324156256,342.99554293637954,697.0912840922234,951.285373127758
11096401,9,https://invisibleaus.s3.amazonaws.com/ST84-1/1907-381-390-%5B11096401%5D/11096401-p9.jpg,11096401-9-handprint-0.jpg,250.86001276605836,483.9678211011699,673.7809067579294,945.7352834362309
11096401,7,https://invisibleaus.s3.amazonaws.com/ST84-1/1907-381-390-%5B11096401%5D/11096401-p7.jpg,11096401-7-handprint-0.jpg,305.2508932127446,567.2191664740775,649.3605114553355,921.3148887935113
10983896,12,https://invisibleaus.s3.amazonaws.com/ST84-1/1903-31-40-%5B10983896%5D/10983896-p12.jpg,10983896-12-handprint-0.jpg,67.24198201595495,545.2218938408796,936.4850633922739,610.0465776096464
10983896,10,https://invisibleaus.s3.amazonaws.com/ST84-1/1903-31-40-%5B10983896%5D/10983896-p10.jpg,10983896-10-handprint-0.jpg,23.150725306236343,509.3368010403122,958.4791501715732,593.8404066674548
10983896,10,https://invisibleaus.s3.amazonaws.com/ST84-1/1903-31-40-%5B10983896%5D/10983896-p10.jpg,10983896-10-handprint-1.jpg,53.2478966884355,476.9244591559286,966.582234774473,634.3558340229342
7461058,18,https://invisibleaus.s3.amazonaws.com/ST84-1/1909-21-41-50-%5B7461058%5D/7461058-p18.jpg,7461058-18-handprint-0.jpg,114.32492431886983,419.58009724005876,858.0262361251262,975.8773048167658
7461058,16,https://invisibleaus.s3.amazonaws.com/ST84-1/1909-21-41-50-%5B7461058%5D/7461058-p16.jpg,7461058-16-handprint-0.jpg,55.1523713420787,171.40853898626057,789.3118062563067,985.5049312988549
10983896,8,https://invisibleaus.s3.amazonaws.com/ST84-1/1903-31-40-%5B10983896%5D/10983896-p8.jpg,10983896-8-handprint-0.jpg,76.49472023832425,564.0128184301853,947.632923181228,562.8710920770878
10983896,6,https://invisibleaus.s3.amazonaws.com/ST84-1/1903-31-40-%5B10983896%5D/10983896-p6.jpg,10983896-6-handprint-0.jpg,74.08365544753488,500.07687090210266,1032.5661815536055,647.0902102645264
7473959,2,https://invisibleaus.s3.amazonaws.com/ST84-1/1905-321-330-%5B7473959%5D/7473959-p2.jpg,7473959-2-handprint-0.jpg,314.54130080350785,681.2503077321536,719.5441595441595,673.2731378523858
10983896,4,https://invisibleaus.s3.amazonaws.com/ST84-1/1903-31-40-%5B10983896%5D/10983896-p4.jpg,10983896-4-handprint-0.jpg,105.33336386140876,494.29419440988136,1036.0497799589152,638.9939000333829
11085778,8,https://invisibleaus.s3.amazonaws.com/ST84-1/1907-401-410-%5B11085778%5D/11085778-p8.jpg,11085778-8-handprint-0.jpg,227.54963543176424,328.5653097384089,796.9929012391981,983.4758933386156
7461058,12,https://invisibleaus.s3.amazonaws.com/ST84-1/1909-21-41-50-%5B7461058%5D/7461058-p12.jpg,7461058-12-handprint-0.jpg,105.66926263934614,237.0933834355465,678.4144256845416,928.8377493392574
10983896,2,https://invisibleaus.s3.amazonaws.com/ST84-1/1903-31-40-%5B10983896%5D/10983896-p2.jpg,10983896-2-handprint-0.jpg,131.9588884257259,530.178821639471,1011.7386408063221,615.8409019917
7461047,46,https://invisibleaus.s3.amazonaws.com/ST84-1/1909-20-31-40-%5B7461047%5D/7461047-p46.jpg,7461047-46-handprint-0.jpg,174.28033395098825,645.6752136752136,667.7606837606837,530.051282051282
7461058,10,https://invisibleaus.s3.amazonaws.com/ST84-1/1909-21-41-50-%5B7461058%5D/7461058-p10.jpg,7461058-10-handprint-0.jpg,80.63209067151236,134.36062504051455,768.435923309788,1052.7983222352648
7461058,8,https://invisibleaus.s3.amazonaws.com/ST84-1/1909-21-41-50-%5B7461058%5D/7461058-p8.jpg,7461058-8-handprint-0.jpg,94.7891019172553,123.9308095126674,761.9939455095863,1155.8695006922378
7461047,44,https://invisibleaus.s3.amazonaws.com/ST84-1/1909-20-31-40-%5B7461047%5D/7461047-p44.jpg,7461047-44-handprint-0.jpg,80.18460787259616,615.3846153846154,676.9230769230769,523.0769230769232
7473995,8,https://invisibleaus.s3.amazonaws.com/ST84-1/1908-391-400-%5B7473995%5D/7473995-p8.jpg,7473995-8-handprint-0.jpg,86.34157932123446,249.43602745288342,734.3536409787123,958.4971824151013
7461047,42,https://invisibleaus.s3.amazonaws.com/ST84-1/1909-20-31-40-%5B7461047%5D/7461047-p42.jpg,7461047-42-handprint-0.jpg,102.98004932892623,600.4600133358788,651.851851851852,531.513665249296
7473995,5,https://invisibleaus.s3.amazonaws.com/ST84-1/1908-391-400-%5B7473995%5D/7473995-p5.jpg,7473995-5-handprint-0.jpg,81.34697991672219,177.2531723111928,715.0067287041069,996.7279834310551
7461047,38,https://invisibleaus.s3.amazonaws.com/ST84-1/1909-20-31-40-%5B7461047%5D/7461047-p38.jpg,7461047-38-handprint-0.jpg,134.20853921830482,625.4165151107318,696.8888888888888,504.16229279334493
7473995,3,https://invisibleaus.s3.amazonaws.com/ST84-1/1908-391-400-%5B7473995%5D/7473995-p3.jpg,7473995-3-handprint-0.jpg,180.58205169850743,170.16482396298906,678.3441858158029,934.1701560417154
7461058,4,https://invisibleaus.s3.amazonaws.com/ST84-1/1909-21-41-50-%5B7461058%5D/7461058-p4.jpg,7461058-4-handprint-0.jpg,56.1372351160444,155.52629576632177,764.7547931382442,1098.8070836981549
7461047,36,https://invisibleaus.s3.amazonaws.com/ST84-1/1909-20-31-40-%5B7461047%5D/7461047-p36.jpg,7461047-36-handprint-0.jpg,143.09400944288635,610.4877620707545,664.3874643874643,525.2450847606533
7461058,2,https://invisibleaus.s3.amazonaws.com/ST84-1/1909-21-41-50-%5B7461058%5D/7461058-p2.jpg,7461058-2-handprint-0.jpg,39.95963673057518,137.63928539484317,776.9929364278506,1127.75414484807
7461047,32,https://invisibleaus.s3.amazonaws.com/ST84-1/1909-20-31-40-%5B7461047%5D/7461047-p32.jpg,7461047-32-handprint-0.jpg,154.79315446380866,684.6490193620456,719.7264957264957,494.973958969524
7473907,12,https://invisibleaus.s3.amazonaws.com/ST84-1/1904-71-80-%5B7473907%5D/7473907-p12.jpg,7473907-12-handprint-0.jpg,73.07366296670031,723.6550002604024,995.9233097880929,662.368257567339
7473907,12,https://invisibleaus.s3.amazonaws.com/ST84-1/1904-71-80-%5B7473907%5D/7473907-p12.jpg,7473907-12-handprint-1.jpg,54.215943491422806,716.5834530265873,1007.7093844601415,669.4398048011541
7473907,10,https://invisibleaus.s3.amazonaws.com/ST84-1/1904-71-80-%5B7473907%5D/7473907-p10.jpg,7473907-10-handprint-0.jpg,30.64379414732594,731.9127630796415,1058.38950554995,684.768623750839
7461047,30,https://invisibleaus.s3.amazonaws.com/ST84-1/1909-20-31-40-%5B7461047%5D/7461047-p30.jpg,7461047-30-handprint-0.jpg,185.71509206396902,675.6732713269503,582.9059829059829,517.7236754323385
7473907,8,https://invisibleaus.s3.amazonaws.com/ST84-1/1904-71-80-%5B7473907%5D/7473907-p8.jpg,7473907-8-handprint-0.jpg,40.07265388496468,689.4805149186187,1025.388496468214,682.4089198938124
7461047,26,https://invisibleaus.s3.amazonaws.com/ST84-1/1909-20-31-40-%5B7461047%5D/7461047-p26.jpg,7461047-26-handprint-0.jpg,106.12876713853275,546.2731493595938,719.8632478632478,561.5892189678066
7473907,6,https://invisibleaus.s3.amazonaws.com/ST84-1/1904-71-80-%5B7473907%5D/7473907-p6.jpg,7473907-6-handprint-1.jpg,49.98587285570131,664.9244540722233,975.3057517658931,674.2240967865204
7461047,24,https://invisibleaus.s3.amazonaws.com/ST84-1/1909-20-31-40-%5B7461047%5D/7461047-p24.jpg,7461047-24-handprint-0.jpg,56.59828294715987,600.4600133358794,752.1367521367521,522.7386754928218
7461047,20,https://invisibleaus.s3.amazonaws.com/ST84-1/1909-20-31-40-%5B7461047%5D/7461047-p20.jpg,7461047-20-handprint-0.jpg,140.59030560007113,472.24547958656495,620.3076923076923,532.2334188853986
7461047,18,https://invisibleaus.s3.amazonaws.com/ST84-1/1909-20-31-40-%5B7461047%5D/7461047-p18.jpg,7461047-18-handprint-0.jpg,173.72306941105757,598.1538461538464,610.4615384615385,510.7692307692308
7461047,16,https://invisibleaus.s3.amazonaws.com/ST84-1/1909-20-31-40-%5B7461047%5D/7461047-p16.jpg,7461047-16-handprint-0.jpg,126.7977131465901,329.6884422244676,604.2165242165242,523.9915165392675
7461047,12,https://invisibleaus.s3.amazonaws.com/ST84-1/1909-20-31-40-%5B7461047%5D/7461047-p12.jpg,7461047-12-handprint-0.jpg,98.47064748041309,315.10685727336164,647.1111111111111,530.9570797513808
7461047,10,https://invisibleaus.s3.amazonaws.com/ST84-1/1909-20-31-40-%5B7461047%5D/7461047-p10.jpg,7461047-10-handprint-0.jpg,128.05127440015139,318.4067711634934,621.7663817663818,503.9351260146628
7461047,8,https://invisibleaus.s3.amazonaws.com/ST84-1/1909-20-31-40-%5B7461047%5D/7461047-p8.jpg,7461047-8-handprint-0.jpg,119.2763456252226,200.57091542172924,599.2022792022792,517.7236754323385
7461047,6,https://invisibleaus.s3.amazonaws.com/ST84-1/1909-20-31-40-%5B7461047%5D/7461047-p6.jpg,7461047-6-handprint-0.jpg,315.7907851447434,525.9233671543496,550.1863710339935,676.4183932056729
7461047,4,https://invisibleaus.s3.amazonaws.com/ST84-1/1909-20-31-40-%5B7461047%5D/7461047-p4.jpg,7461047-4-handprint-0.jpg,144.39999207064633,827.5548867810674,645.6752136752136,350.7689473012375
7461047,4,https://invisibleaus.s3.amazonaws.com/ST84-1/1909-20-31-40-%5B7461047%5D/7461047-p4.jpg,7461047-4-handprint-1.jpg,143.10084677150107,280.61515784099004,546.9401709401709,548.2388731893416
7461047,2,https://invisibleaus.s3.amazonaws.com/ST84-1/1909-20-31-40-%5B7461047%5D/7461047-p2.jpg,7461047-2-handprint-0.jpg,160.64386699274397,804.790798129688,495.15669515669515,422.452490607017
7461047,2,https://invisibleaus.s3.amazonaws.com/ST84-1/1909-20-31-40-%5B7461047%5D/7461047-p2.jpg,7461047-2-handprint-1.jpg,130.55839690727382,289.57425914012174,584.1595441595441,511.45583432540946
7473895,6,https://invisibleaus.s3.amazonaws.com/ST84-1/1903-181-190-%5B7473895%5D/7473895-p6.jpg,7473895-6-handprint-0.jpg,154.98460522947826,742.06761243196,970.005698005698,667.1953196977936
7473895,4,https://invisibleaus.s3.amazonaws.com/ST84-1/1903-181-190-%5B7473895%5D/7473895-p4.jpg,7473895-4-handprint-0.jpg,113.51638402930452,742.7667878784267,896.4801457436248,642.436633524478
7473895,2,https://invisibleaus.s3.amazonaws.com/ST84-1/1903-181-190-%5B7473895%5D/7473895-p2.jpg,7473895-2-handprint-0.jpg,133.16922075320514,740.0951404532162,966.5641025641025,641.6345896168681
7473913,8,https://invisibleaus.s3.amazonaws.com/ST84-1/1904-131-140-%5B7473913%5D/7473913-p8.jpg,7473913-8-handprint-0.jpg,319.32762558983234,478.630180613861,561.5954415954416,615.8375147180591
7473913,6,https://invisibleaus.s3.amazonaws.com/ST84-1/1904-131-140-%5B7473913%5D/7473913-p6.jpg,7473913-6-handprint-0.jpg,168.6597770873858,362.0396070495114,724.0358651461654,754.5310898637917
7461264,3,https://invisibleaus.s3.amazonaws.com/ST84-1/1912-84-1-10-%5B7461264%5D/7461264-p3.jpg,7461264-3-handprint-1.jpg,345.1617767465583,699.4969614988588,711.7152514414965,690.3332458460358
7461418,8,https://invisibleaus.s3.amazonaws.com/ST84-1/1913-119-41-50-%5B7461418%5D/7461418-p8.jpg,7461418-8-handprint-0.jpg,140.52435109633427,312.8697013997228,1073.1288288319113,1472.6011904431055
11045219,4,https://invisibleaus.s3.amazonaws.com/ST84-1/1908-41-50-%5B11045219%5D/11045219-p4.jpg,11045219-4-handprint-0.jpg,219.67393207385362,505.61627308650685,655.3203896979337,1052.0983592062016
11045219,4,https://invisibleaus.s3.amazonaws.com/ST84-1/1908-41-50-%5B11045219%5D/11045219-p4.jpg,11045219-4-handprint-1.jpg,270.33735715974433,522.1413782049289,588.1362825188177,887.9489816965431
11045219,2,https://invisibleaus.s3.amazonaws.com/ST84-1/1908-41-50-%5B11045219%5D/11045219-p2.jpg,11045219-2-handprint-0.jpg,311.0871329825406,439.5145963956698,667.4388815410242,926.5032112462993
7461015,2,https://invisibleaus.s3.amazonaws.com/ST84-1/1908-11-11-20-%5B7461015%5D/7461015-p2.jpg,7461015-2-handprint-0.jpg,62.318987821658,142.8974568903134,766.0891788543089,1022.7753164464089
7473911,7,https://invisibleaus.s3.amazonaws.com/ST84-1/1904-111-120-%5B7473911%5D/7473911-p7.jpg,7473911-7-handprint-0.jpg,257.44503904248086,397.91808334478606,672.3443518675252,1001.6558649713579
7473911,7,https://invisibleaus.s3.amazonaws.com/ST84-1/1904-111-120-%5B7473911%5D/7473911-p7.jpg,7473911-7-handprint-1.jpg,266.02085985711767,413.35456071592,674.0595160304526,837.0001063459291
7473911,5,https://invisibleaus.s3.amazonaws.com/ST84-1/1904-111-120-%5B7473911%5D/7473911-p5.jpg,7473911-5-handprint-0.jpg,235.16848299631675,385.4726898977951,684.7211721967251,948.4656975116801
7473911,2,https://invisibleaus.s3.amazonaws.com/ST84-1/1904-111-120-%5B7473911%5D/7473911-p2.jpg,7473911-2-handprint-0.jpg,355.2093963293404,728.9447647479917,471.67014480502405,466.5246494387145
7473911,2,https://invisibleaus.s3.amazonaws.com/ST84-1/1904-111-120-%5B7473911%5D/7473911-p2.jpg,7473911-2-handprint-1.jpg,250.5843823907714,291.57790589919665,646.6168894236148,445.9426796105361
11017351,6,https://invisibleaus.s3.amazonaws.com/ST84-1/1906-381-390-%5B11017351%5D/11017351-p6.jpg,11017351-6-handprint-0.jpg,305.4696356044469,356.7541436884289,692.9263218226536,960.4919253150008
11017351,4,https://invisibleaus.s3.amazonaws.com/ST84-1/1906-381-390-%5B11017351%5D/11017351-p4.jpg,11017351-4-handprint-0.jpg,274.5966806717544,469.9549777434111,725.5144409182735,905.6066724398579
11017351,2,https://invisibleaus.s3.amazonaws.com/ST84-1/1906-381-390-%5B11017351%5D/11017351-p2.jpg,11017351-2-handprint-0.jpg,247.1540540649167,528.2705589232504,751.2419033621838,967.3525819243936
11017341,2,https://invisibleaus.s3.amazonaws.com/ST84-1/1906-231-240-%5B11017341%5D/11017341-p2.jpg,11017341-2-handprint-0.jpg,81.6372041644252,281.51044346126145,696.4568396678807,979.6563432451896
7461030,6,https://invisibleaus.s3.amazonaws.com/ST84-1/1908-12-61-70-%5B7461030%5D/7461030-p6.jpg,7461030-6-handprint-0.jpg,126.22607944478855,457.1271698952521,740.2273326236748,976.7569823230986
7461059,4,https://invisibleaus.s3.amazonaws.com/ST84-1/1909-21-51-60-%5B7461059%5D/7461059-p4.jpg,7461059-4-handprint-0.jpg,499.14626721416244,987.0917880934372,186.74756229685806,169.94973728936054
7461030,4,https://invisibleaus.s3.amazonaws.com/ST84-1/1908-12-61-70-%5B7461030%5D/7461030-p4.jpg,7461030-4-handprint-0.jpg,87.06280717328761,215.31976959255934,739.5765810293367,948.3431591185333
11017363,11,https://invisibleaus.s3.amazonaws.com/ST84-1/1907-111-120-%5B11017363%5D/11017363-p11.jpg,11017363-11-handprint-0.jpg,0.0,661.6396908822317,877.6404201768731,526.1443286536896
11017363,7,https://invisibleaus.s3.amazonaws.com/ST84-1/1907-111-120-%5B11017363%5D/11017363-p7.jpg,11017363-7-handprint-0.jpg,145.07400427720376,308.8567766140378,708.0439017525994,939.8005314991401
7473976,5,https://invisibleaus.s3.amazonaws.com/ST84-1/1906-131-140-%5B7473976%5D/7473976-p5.jpg,7473976-5-handprint-0.jpg,337.44141429343614,471.757623779811,690.431176282426,940.1851937447017
7473976,5,https://invisibleaus.s3.amazonaws.com/ST84-1/1906-131-140-%5B7473976%5D/7473976-p5.jpg,7473976-5-handprint-1.jpg,342.991504134935,410.70663717301113,681.5510325360274,607.1798122530731
7473976,5,https://invisibleaus.s3.amazonaws.com/ST84-1/1906-131-140-%5B7473976%5D/7473976-p5.jpg,7473976-5-handprint-2.jpg,329.67128851533863,426.24688830928676,640.4803677089378,418.4767627411492
7530121,6,https://invisibleaus.s3.amazonaws.com/ST84-1/1907-81-90-%5B7530121%5D/7530121-p6.jpg,7530121-6-handprint-1.jpg,175.5565476472618,761.0579824257504,576.3084036744331,447.62709835910687
11002059,6,https://invisibleaus.s3.amazonaws.com/ST84-1/1908-241-250-%5B11002059%5D/11002059-p6.jpg,11002059-6-handprint-0.jpg,150.3570057581572,191.2633914783393,561.6276391554688,919.8331890750218
7473940,8,https://invisibleaus.s3.amazonaws.com/ST84-1/1905-121-130-%5B7473940%5D/7473940-p8.jpg,7473940-8-handprint-0.jpg,248.88531462408488,395.5161065708945,757.7645270049777,909.3174038919627
11002059,2,https://invisibleaus.s3.amazonaws.com/ST84-1/1908-241-250-%5B11002059%5D/11002059-p2.jpg,11002059-2-handprint-0.jpg,177.35124760076823,220.70418767362963,612.5655790147148,903.0855026237309
7473940,6,https://invisibleaus.s3.amazonaws.com/ST84-1/1905-121-130-%5B7473940%5D/7473940-p6.jpg,7473940-6-handprint-0.jpg,205.7605041441268,430.01595387302865,756.5323895626932,917.9423657174966
7473940,2,https://invisibleaus.s3.amazonaws.com/ST84-1/1905-121-130-%5B7473940%5D/7473940-p2.jpg,7473940-2-handprint-0.jpg,349.9219766733083,284.6218598826216,656.7249352748831,910.5435257716771
7461023,32,https://invisibleaus.s3.amazonaws.com/ST84-1/1908-11-91-100-%5B7461023%5D/7461023-p32.jpg,7461023-32-handprint-0.jpg,25.13266707786058,282.76494407677626,714.7669677970356,952.7607699031375
7461023,28,https://invisibleaus.s3.amazonaws.com/ST84-1/1908-11-91-100-%5B7461023%5D/7461023-p28.jpg,7461023-28-handprint-0.jpg,41.45420905469553,218.8801797163851,804.2188957909229,955.942603079515
7461023,26,https://invisibleaus.s3.amazonaws.com/ST84-1/1908-11-91-100-%5B7461023%5D/7461023-p26.jpg,7461023-26-handprint-0.jpg,9.6,177.6,837.5999999999999,962.3999999999999
7461023,22,https://invisibleaus.s3.amazonaws.com/ST84-1/1908-11-91-100-%5B7461023%5D/7461023-p22.jpg,7461023-22-handprint-0.jpg,79.59050456168293,224.68495700405762,781.0081432465655,992.4276514164468
11614206,15,https://invisibleaus.s3.amazonaws.com/ST84-1/1906-201-210-%5B11614206%5D/11614206-p15.jpg,11614206-15-handprint-0.jpg,199.60219786742508,367.1745205412175,750.366764694941,954.9001792598774
11614206,12,https://invisibleaus.s3.amazonaws.com/ST84-1/1906-201-210-%5B11614206%5D/11614206-p12.jpg,11614206-12-handprint-0.jpg,218.08413788454186,368.4066498047786,683.831780633321,1051.0062618176457
11614206,8,https://invisibleaus.s3.amazonaws.com/ST84-1/1906-201-210-%5B11614206%5D/11614206-p8.jpg,11614206-8-handprint-0.jpg,232.86752787438618,416.46244243290454,692.4612425638983,929.0316023503257
11614206,6,https://invisibleaus.s3.amazonaws.com/ST84-1/1906-201-210-%5B11614206%5D/11614206-p6.jpg,11614206-6-handprint-0.jpg,248.8853146240848,347.4627478286358,638.2471951033797,946.2815260013928
7461023,20,https://invisibleaus.s3.amazonaws.com/ST84-1/1908-11-91-100-%5B7461023%5D/7461023-p20.jpg,7461023-20-handprint-0.jpg,115.2,195.2,753.5999999999999,983.9999999999999
11614206,4,https://invisibleaus.s3.amazonaws.com/ST84-1/1906-201-210-%5B11614206%5D/11614206-p4.jpg,11614206-4-handprint-0.jpg,279.6903129047212,452.1918883770677,726.9569907086352,929.0263864749569
7461023,16,https://invisibleaus.s3.amazonaws.com/ST84-1/1908-11-91-100-%5B7461023%5D/7461023-p16.jpg,7461023-16-handprint-0.jpg,98.66153256971995,248.72747695043762,722.1388229215404,935.2153133336454
11614206,2,https://invisibleaus.s3.amazonaws.com/ST84-1/1906-201-210-%5B11614206%5D/11614206-p2.jpg,11614206-2-handprint-0.jpg,247.65317718180037,437.40877829491455,709.7111667558814,956.1386252305737
7473955,4,https://invisibleaus.s3.amazonaws.com/ST84-1/1905-281-290-%5B7473955%5D/7473955-p4.jpg,7473955-4-handprint-0.jpg,11.661564015826679,227.807216951318,809.0666469056541,988.9577068806425
7473955,2,https://invisibleaus.s3.amazonaws.com/ST84-1/1905-281-290-%5B7473955%5D/7473955-p2.jpg,7473955-2-handprint-0.jpg,120.79209913787156,161.90216180325126,646.9372439088323,1045.9097493940008
12150635,8,https://invisibleaus.s3.amazonaws.com/ST84-1/1903-171-180-%5B12150635%5D/12150635-p8.jpg,12150635-8-handprint-0.jpg,74.21209117938552,791.215064420218,1021.8434093161546,594.838453914767
12150635,6,https://invisibleaus.s3.amazonaws.com/ST84-1/1903-171-180-%5B12150635%5D/12150635-p6.jpg,12150635-6-handprint-0.jpg,25.465804430047623,726.9626493112731,1014.0435269191859,608.8890979900156
7961603,1,https://invisibleaus.s3.amazonaws.com/ST84-1/1940-559-31-40-%5B7961603%5D/7961603-p1.jpg,7961603-1-handprint-0.jpg,704.0616416600634,1867.8598761320095,500.31357312516536,76.77296171567627
11052106,2,https://invisibleaus.s3.amazonaws.com/ST84-1/1907-261-270-%5B11052106%5D/11052106-p2.jpg,11052106-2-handprint-0.jpg,282.2991424688592,514.0012318785614,751.9561808669828,908.9706725315177
11017357,2,https://invisibleaus.s3.amazonaws.com/ST84-1/1906-311-320-%5B11017357%5D/11017357-p2.jpg,11017357-2-handprint-0.jpg,246.77966101694915,474.5783093665605,755.5254237288135,600.8161396580656
12142149,4,https://invisibleaus.s3.amazonaws.com/ST84-1/1905-131-140-%5B12142149%5D/12142149-p4.jpg,12142149-4-handprint-0.jpg,281.93975920450004,447.3384723195515,713.7435828506777,903.5571128241066
12142149,2,https://invisibleaus.s3.amazonaws.com/ST84-1/1905-131-140-%5B12142149%5D/12142149-p2.jpg,12142149-2-handprint-0.jpg,220.88952762196595,573.8792741039101,722.6216973631169,940.1851937447038
12150635,4,https://invisibleaus.s3.amazonaws.com/ST84-1/1903-171-180-%5B12150635%5D/12150635-p4.jpg,12150635-4-handprint-0.jpg,17.1869654232404,730.7555117064471,1017.8993636048436,655.100823435662
7461221,2,https://invisibleaus.s3.amazonaws.com/ST84-1/1911-70-71-80-%5B7461221%5D/7461221-p2.jpg,7461221-2-handprint-0.jpg,152.82909090909092,358.5178412849859,905.4836363636363,1397.3003044953296
11098385,30,https://invisibleaus.s3.amazonaws.com/ST84-1/1906-351-360-%5B11098385%5D/11098385-p30.jpg,11098385-30-handprint-0.jpg,361.8618095960304,564.9991305974668,586.089487262252,944.6252654979255
11098385,28,https://invisibleaus.s3.amazonaws.com/ST84-1/1906-351-360-%5B11098385%5D/11098385-p28.jpg,11098385-28-handprint-0.jpg,300.81082133954567,471.75762377981005,626.0501341210414,952.3953910660637
7473907,4,https://invisibleaus.s3.amazonaws.com/ST84-1/1904-71-80-%5B7473907%5D/7473907-p4.jpg,7473907-4-handprint-1.jpg,24.400783698688315,653.73740